Abréviation,Terme
QG 1 UNITÉ DENT,Quartier général de la 1re Unité dentaire
10 RAC,10e Régiment d'artillerie de campagne
11 C Svc S Dét Calgary,11e Centre des Services de santé - Détachement Calgary
Div DIFA 2 DAC,Division de la doctrine et de l'instruction de la Force aérienne - 2e Division aérienne du Canada
2 RAC,2e Régiment d'artillerie de campagne
20 RAC,20e Régiment d'artillerie de campagne
26 RAC,26e Régiment d'artillerie de campagne
cmdtA,commandant adjoint
slt,sous-lieutenant
GC 3 GSS,3e Groupe de soutien de secteur génie construction
3 RAC,3e Régiment d'artillerie de campagne
30 RAC,30e Régiment d'artillerie de campagne
"QG 35 GBC, Cie PM","Quartier général du 35e Groupe-brigade du Canada, compagnie de police militaire"
49 RAC,49e (Sault-Sainte-Marie) Régiment d'artillerie de campagne
QG 5 GSS,Quartier Général du 5e Groupe de Soutien de Secteur
6 RAC,6e Régiment d'artillerie de campagne
62 RAC,62e Régiment d'artillerie de campagne
A3,A3 Opérations
A4,A4 Logistique
A5,A5 Affaires publiques
A6,A6 Services d'information et de télécommunications
A7,A7 Développement de la force et plans
Ablindé,antiblindé
C Trans AT,Conseil de transformation de l'Armée de terre
GT Trans AT,Groupe de travail sur la transformation de l'Armée de terre
---/I,"intérimaire, par intérim"
msg A/R,message d'acceptation/refus
ASM,Anti-sous-marin(e)
ens 2,enseigne de vaisseau de 2e classe
AN,Autorité de navigabilité
AA,antiaérien
AS,air support
VAA,voie d'approche aérienne
cbt sp A,combat support arm
BAA,brigade d'assaut aérien
DMA,dépôt de munitions avancé
ACapt Adjt,adjoint au capitaine-adjudant
FAA,force aérienne alliée
GAA,Groupe d’aide à l’arrivée
HAB,hélicoptère antiblindé
MAA,missile air-air
PPA,point de pointage auxiliaire
AAR,analyse après action
CAS,close air support
SAA,système d'arrêt d'aéronef
DAAA,dispositif d'arpentage automatique d'artillerie 
AAB,arme antiblindé
CGA,contrôleur - guerre antiérienne
AP,aéroporté
relq,relinquish
GTAP,groupement tactique aéroporté
GBAP,groupe-brigade aéroporté
OCOAP,officier contrôleur des opérations aéroportées
SCOAP,section du contrôle des opérations aéroportées
RAEC,réparation des aéronefs endommagés au combat
FAP,force aéroportée
OLFAP,officier de liaison des forces aéroportées
MAMB,missile antimissile balistique
op AP,opération aéroportée
CITAP,centre d'instruction des troupes aéroportées
abrév,abréviation
aé,aéronef
CA,corps d'armée
ZCEA,zone de contrôle de l'espace aérien
ACEA,autorité de contrôle de l'espace aérien
CCA,commandant de composante aérienne
CCZ,centre de contrôle de zone
SIC CCA,Spécialiste de l'information de la communication - Commandement de la composante aérienne
compt,compte
compt,comptabilité
CADC,Conseiller adjoint - Défense du Canada
AADC,Attaché adjoint - Défense du Canada
ECA,Équipement commun d'aviation
MAH,mine à action horizontale
ACGU,"Australie, Canada, Grande Bretagne, États-Unis"
SCGIA,Services collaboratifs de gestion de l'information de l'Armée de terre
GACM,groupe aérien de combat et de mobilité
ACEM,chef d'état-major adjoint
ACP,aide au pouvoir civil
PCA,poste de commandement avancé
ACP,publication interalliée - transmissions
PCA,poste de contrôle des ambulances
AOPC,adjoint à l'officier du poste de commandement
TBC,taux de base de consommation
SCEA,système de contrôle de l'espace aérien
Esc SSCA,escadron de service de soutien (combat aérien)
VCA,vérification du contrôle des armements
DA,défense aérienne
DAA,défense antiaérienne
CA,courrier aérien
DS,direct support
BB,bouteur blindé 
Cmdt DA,commandant de la défense aérienne
RAAA,régiment d'artillerie antiaérienne
Esc DA,escadron de démonstration aérienne
ISA,indemnité de service aérien
CADA,Centre d'analyse des données acoustiques
CADA (Pacifique)/CADA(P),Centre d'analyse des données acoustiques Pacifique
MAIZ,munition d'artillerie d'interdiction de zone
ADATS,système de défense antichar et antiaérienne
CDA,commandement de la défense aérienne
RADD,Réseau automatisé de données de la défense
dest,destinataire
ADEX,exercice de défense aérienne
SADC,Système de données automatisées - Dépenses en carburant 
TTAD,traitement et transmission automatique des données
ZIDA,zone d'identification de défense aérienne
LDA,ligne de démarcation de l'armistice
CNS,charge nucléaire statique
SMA,sous-ministre adjoint
SMA(RH-Civ),Sous-Ministre adjoint (Ressources humaines - Civils)
SMA(RH-Mutations Civ),Sous-Ministre adjoint (Ressources humaines - Mutations civiles)
SMA(IE),Sous-Ministre adjoint (Infrastructure et environnement)
SMA(GI),Sous-Ministre adjoint (Gestion de l'information)
SMA(Mat),Sous-Ministre adjoint (Matériels)
SMA(AP),Sous-Ministre adjoint (Affaires publiques)
SMA(Pol),Sous-Ministre adjoint (Politiques)
SMA(Svc Ex),Sous-Ministre adjoint (Services d'examen)
SMA(S & T),Sous-Ministre adjoint (Science et technologie)
admin,administrateur
cie admin,compagnie d’administration
OS Admin,officier du soutien administratif
CODA,centre d’opérations de la défense aérienne
RAE,réparation d'aérodrome endommagé
RDA,région de défense aérienne
MARC,mode alternatif de résolution des conflits
SCA,service du courrier aérien
SDA,système de données d’artillerie
conslr,conseiller
AOD,absent on duty
IMLEA,infirmier militaire de liaison d'évacuations aéromédicales
reco aérienne,reconnaissance aérienne
aéro,aérospatial
Esc GTA,escadron du génie en terrain d’aviation
ESEA,escadron de soutien expéditionnaire aérien
CETA,Centre d’essais techniques (Aérospatiale)
GETEM,Groupe d’experts en terminologie des explosifs et munitions
EBG,engin blindé du génie
EEA,escadre expéditionnaire aérienne
FA,Force aérienne
AF,audiofréquence
FA,force d’appoint
CFA,Conseil des Forces armées
CADV,commandes automatiques de vol
GETFA,Groupe d’experts en terminologie de la Force aérienne
VBC,véhicule blindé de combat
GA,groupe d’armées
CAG,commande automatique de gain
AGL,au-dessus du sol
OTA,officier du tir aérien
PZR,point zéro réel
Ah,ampère-heure
HA,hélicoptère d’attaque
TdePA,tête de pont aérienne
VSBL,véhicule de soutien blindé lourd
IA,interception aérienne
IA,interdiction aérienne
IA,information aéronautique
AIG,adresses intentionnellement groupées
IAA,instructeur adjoint en artillerie
MIA,missile d’interception aérienne
Ops DA,opérations du détachement aérien
 esc mouv air,escadron des mouvements aériens
MR Ops Air,militaire du rang – opérations aériennes
Rés Air,Réserve aérienne
École COM AIR,École du commandement aérien
École C Air MR,École du Commandement aérien pour les militaires du rang
AJAG,assistant du juge-avocat général
MLBA,missile balistique à lanceurs aériens
MCLA,missile de croisière à lanceur aérien
OLFA,officier de liaison des forces aériennes
IPIO,indemnité – perte d’indemnités opérationnelles
PchA,point de chargement des ambulances
QAL,qualification avancée en leadership
ESA,équipement de survie de l’aviation
OESA,officier de l’équipement de survie de l’aviation
posn pièces rech,position de pièces de rechange
QG rel,quartier général de relève
PC rel,poste de commandement de relève
posn rechange,position de rechange
MA,modulation d’amplitude
ZMA,zone de manoeuvre d’artillerie
BCMRA,bureau de contrôle de la maintenance et de la réparation des aéronefs
AMRAAM,missile air-air perfectionné à moyenne portée
EMA,escadron de maintenance (air)
SGA,service de gestion des applications
AMSL,au-dessus du niveau moyen de la mer
UMA,unité des mouvements aériens
PO fixe,poste d’observation fixe 
ann,annuel
anx,annexe
TA,target acquisition
ZO,zone d’opérations
OD,officier désigné
COA,centre d’opérations aériennes
AEM,absent en mission
AEC,absent en congé
Zresp,zone de responsabilité
AOR,pétrolier ravitailleur d’escadre
ZIS,zone d’intérêt stratégique
P mun,point de munitions
PA,poste avancé
OAPS,officier des affaires publiques du secteur
PA,pont aérotransportable
TTB,transport de troupes blindé
TTBI,transport de troupes blindé (chenillé)
TTBI,transport de troupes blindé (roues)
MPGA,munition de précision à guidage autonome
IPA,interprétation de photographies aériennes
MCAAP,munitions classiques améliorées antipersonnel 
SIMA,système informatisé des messages d’affectation
appx,appendix
sup,supplies
cbt sup,combat supplies
avr,avril
PAA,période active des affectations
GEA,groupe électrogène d’appoint
NQA,niveau de qualité acceptable
RA,région aride
FA,fusil automatique
GCIA,Groupe-compagnie d’intervention dans l’Arctique
AB,arme blindée
DB,division blindée
VBR,véhicule blindé de reconnaissance
reco armée,reconnaissance armée
AT,Armée de terre
PRA,point de relais des ambulances
svy,survey
arr,arrivée
sim artil,simulateur d’artillerie
VBD,véhicule blindé de dépannage
AA,appui aérien
ASATS,système antisatellite
PCAA,point de contrôle d’arpentage d’artillerie
DMPS,diversification des modes de prestation des services
FAS,force auxiliaire de sécurité
GSZ,groupe de soutien de zone
Cmdt GSS,commandant du groupe de soutien de secteur
GSS Génie,groupe de soutien de secteur – génie
QG GSS,quartier général du groupe de soutien de secteur
GSS Ops,groupe de soutien de secteur – opérations
GSS Trans,groupe de soutien de secteur – transmissions
CRTS,centre du renseignement de toutes sources
MAS,missile air-surface
éval,évaluation
COAA,centre d’opérations d’appui aérien
MAAPCP,missile air-air perfectionné à courte portée
SM dél,Sous-Ministre délégué de la Défense nationale
min assoc DN,Ministre associé de la Défense nationale
ACEMFA,Chef d’état-major adjoint de la Force aérienne
ACEMA,Chef d’état-major adjoint de l’Armée
ACEMM,Chef d’état-major adjoint de la Marine
CSS,centre de simulation du secteur 
USS Calgary,Unité de soutien de secteur Calgary
USS Chiliwack,Unité de soutien de secteur Chilliwack
USS London,Unité de soutien de secteur London
USS N Ontario,"Unité de soutien de secteur, nord de l’Ontario"
GASM,guerre anti-sous-marine
OGASM,officier de guerre anti-sous-marine
COGASM,centre d’opérations de guerre anti-sous-marine
HRA,heure réelle d’arrivée
FATA,force aérienne tactique alliée
ATC,contrôle de la circulation aérienne
CIAT,centre d’instruction de l’Armée de terre
CIA,centre d’instruction en aviation
CCCA,centre de contrôle de la circulation aérienne
O ATC,officier de contrôle de la circulation aérienne
HRD,heure réelle de départ
ESTTMA,Escadron de soutien technique des télécommunications et des moyens aérospatiaux
AGAC,arme guidée antichar
HAC,hélicoptère antichar
AIPRP,accès à l’information et protection des renseignements personnels
Coord AIPRP,Coordonnateur de l’accès à l’information et de la protection des renseignements personnels
atq,attaque
OLTA,officier de liaison – transport aérien
ATO,ordre d’attribution de mission aérienne
COTA,centre d’opérations du transport aérien
CIOT,centre interallié d’opérations tactiques
atom,atomique
LRAC,lance-roquettes antichar
EITA,Escadron d’instruction technique (Air)
att & dét,attachements et détachements
VTT,véhicule tout terrain
OVA,opérateur de véhicule aérien
MASM,missile air-sous-marin
Chap,chaplain
Chap(P),chaplain (Protestant)
aut,autorité
aux,auxiliaire
VA,véhicule aérien
AVGAS,essence d’aviation
VBP,véhicule blindé polyvalent
SAGIV,Système automatisé de gestion d’inventaire de véhicules
CPP,char poseur de pont
avr,aviateur
AWACS,système aéroporté d’alerte et de contrôle
ASA,absent sans autorisation
ASP,absent sans permission
O Admin B,officier d’administration de la base
Cmdt B,commandant de la base
OEM Cmdt B,officier d’état-major du commandant de la base
Contr B,contrôleur de la base
O Sûr B,officier de la sûreté de la base
C.-B.,Colombie-Britannique
bac,bactériologique
DMB,dépôt de munitions de la base
EZCB,évaluation de la zone du champ de bataille
IACB,interdiction aérienne du champ de bataille
ORAB,officier du renseignement artillerie de la brigade
instr élém,instruction élémentaire
SSMO,site de stockage de munitions d’obstacles
PB,pont Bailey
PFM,point de fractionnement du matériel
CB,commandant de batterie
CB,capitaine de bataille
Adjuc B,adjudant-chef de la base
DB,dépôt de la base
EDCB,évaluation des dommages causés par les bombardements
EIS,equipment issue scale
Cmdt Bde,commandant de la brigade
FDB,force de défense de la base
fusée DC,fusée détonante de culot
ftr,frontière
fusée EC,fusée d’éjection par le culot
obus EC,obus à éjection par le culot
OFEC,obus fumigène à éjection par le culot
RNR,enieion non rentable
reqr,requirement
AR,à rappeler
DTB,dispositif de tir à blanc
GSFAT,gestion du spectre des fréquences en ambiance tactique
GT,groupement tactique
GB,groupe-brigade
rel,relèvement
bgén,brigadier-général
TdePl,tête de plage
SIAECB,système d’identification ami/ennemi sur le champ de bataille
bio,biologique
EVAR,envoyer à l’arrière
CLO,Client Liaison Office
PEVAR,point d’envoi à l’arrière
NRSP,non enieion sur place
CS bleu,connaissance de la situation – bleu
C Mus,chef de musique
EGA,équipe de gestion des activités
QMB,qualification militaire de base
BdeS,bris de silence
BOMREP,compte rendu de bombardement
PA,plan d’activités
PA,planification d’activités
OAPB,officier des affaires publiques de la base
GPB,Groupe de planification binational
BPB,bureau de poste de la base
BPS,bits par seconde 
OSPB,officier de sélection du personnel de la base
SQMB,sergent quartier-maître de batterie
NR,non réparable
TdeP,tête de pont
ORB,officier de reconnaissance de batterie
CS brun,connaissance de la situation – brun
EC,école de combat
SUTB,sous-unité tactique de base
ATB,adjudant technicien de batterie
plan act,planificateur d’activités
GB,guerre biologique
CS C4ISR,Comité de surveillance du C4ISR
AC,Armée canadienne
AC,autorité de certification
CEMFA,Chef d’état-major de la Force aérienne
CEMA,Chef d’état-major de l’Armée
MCC,médecin-chef du commandement
C & A,certification et accréditation
C2,commandement et contrôle
C2W,guerre du commandement et du contrôle
C3,"commandement, contrôle et communication"
C4ISR,"commandement, contrôle, communication, informatique, renseignement, surveillance et reconnaissance"
C4ISR,"command, control, communication, computers, intelligence, surveillance and reconnaissance"
AD,air dispatch
DADC,division air defence commander
CAC – Comdt,composante aérienne du continent – commandant
CAC – O Maint,composante aérienne du continent – officier de la maintenance
CAC – Maint O,continent air component – maintenance officer
CDAC,centre de défense aérienne du corps
DcamC,dessin de camouflage canadien
FAC,Forces armées canadiennes
EIS FAC IS,Équipe d’intervention stratégique des Forces armées canadiennes sur l’inconduite sexuelle
GCC,Groupe consultatif sur les capacités
ORCA,officier du renseignement artillerie du corps d’armée
MEC,méthodologie d’évaluation des capacités
OLMC,officier de liaison – Marine canadienne
CANEX,Les Économats des Forces canadiennes
CANEXHQ,quartier général – économats des Forces canadiennes
FLTCANANT,Flotte canadienne de l’Atlantique
QG FLTCANANT,Quartier générale de la flotte canadienne de l’Atlantique
FLTCANPAC,Flotte canadienne du Pacifique
QG FLTCANPAC,Quartier générale de la flotte canadienne du Pacifique
CANFORGEN,message général des Forces canadiennes
CANMILREP,Représentant du Canada auprès du Comité militaire
RC NORAD,Région canadienne du NORAD
FOSCAN,forces d’opérations spéciales du Canada
COMFOSCAN,Commandement – Forces d’opérations spéciales du Canada
CANUS,Canada – État-Unis d’Amérique
OSA,opération de supériorité aérienne
CMOA,Centre multinational d’opérations aérospatiales
CMOA COC,Centre multinational d’opérations aérospatiales – Chef des opérations de combat
OS CMOA,Officier de service du Centre multinational d’opérations aérospatiales
PAC,Patient Administrative Centre
PAC,patrouille aérienne de combat
LCdr,lieutenant-commander
capv,capitaine de vaisseau
RRAC,revêtement résistant aux agents chimiques
AAR,appui aérien rapproché
EAC,Équipe d’action du CEMD
EAC 1 – C2,Équipe d’action du CEMD 1 – Commandement et contrôle
EAC 2 – MPF,Équipe d’action du CEMD 2 – Mise sur pied d’une force
EAC 3- CO,Équipe d’action du CEMD 3 – Capacités opérationnelles
EAC 4 – HI,Équipe d’action du CEMD 4 – Harmonisation institutionnelle
EACMEC,Équipe d’action du CEMD – Méthodologie d’évaluation des capacités
CAQ,consigné aux quartiers
PFC,planification fondée sur les capacités
CBRN,"chimique, biologique, radiologique et nucléaire"
SAOCB,système d’acquisition d’objectif de contre-batterie
appui tac,appui tactique
AA cbt,arme d’appui au combat
appro cbt,approvisionnements de combat
éqp cbt,équipe de combat
ER,élément de ressources
CC,Conseil des commandants
CC,Compagnon de l’Ordre du Canada
ACC,air component commander
C Avn C,commandant de l’aviation du corps d’armée
C Trans C,commandant des transmissions du corps d’armée
CAC,commandant de l’artillerie du corps d’armée
JFACC,joint force air component commander
CCC,Client Contact Centre
CCC,Centre de contact à la clientèle
JRCC,joint rescue coordination centre
CGC,commandant du génie du corps d’armée
CIC,commandant des ingénieurs du corps
JCC,joint command centre
O SICC,"officier du système d’information, de commandement et de contrôle"
CCM,contre-contre-mesure
JOCC,joint operations coordination centre
PRB,poste de rassemblement des blessés
DDC,defensive driving course
CCPS,système central de calcul de solde
TMC,transporteur de enieio chenillé
Adjuc C,adjudant-chef du commandement
CD,Décoration des Forces canadiennes
CDC,Conseiller – Défense du Canada
C Avn D,commandant de l’aviation divisionnaire
C Trans D,commandant des transmissions de la division
ADC,Attaché – Défense du Canada
ADC,air defence command
CAD,commandant de l’artillerie divisionnaire
ACD,Académie canadienne de la défense
CADC,corps air defence centre
DADC,division air defence centre
CDC,Conseil de développement des capacités
EEC,élaboration et expérimentation de concepts
EDD,explosive detection dog
CGD,commandant du ndic divisionnaire
DCOI,Directives du COIC sur les opérations internationales
ELFC (W) PSL,État-major de liaison des Forces canadiennes (Washington) – Processus de sélection et libérations
Regt Ops Spec Cdn,Régiment d’opérations spéciales du Canada
capf,capitaine de frégate
CEMD,Chef d’état-major de la défense
élof,élève-officier
UPSS,unité de prestation de soins de santé 
Commis UPSS,Commis – Unité de prestation des soins de santé
GC,enie construction
SSMER,Système de simulation de munitions pour engagement rapproché 
DPE,document pris à l’ennemi
EPE,équipement pris à l’ennemi
IET,instruction d’exploitation des transmissions
PFOEP,Programme de formation des officiers – Éducation permanente
ECP,écart circulaire probable
PCU,planification civile d’urgence
RGC,Régiment du génie de combat
PES,poste d’évacuation sanitaire
EGC,escadron du enie construction
IPT,instructions enieents des transmissions
TGC,tracteur du génie de combat
UGC,enie du enie construction
FC,Forces canadiennes
DRP FC,Demandes de requête des plaintes des Forces canadiennes
Renv Grief FC,Renvoi des griefs – Forces canadiennes
DR Grief FC,Demandes de requête des griefs des Forces canadiennes
Gp Svc S FC,Groupe des Services de santé des Forces canadiennes
QG Gp Svc S FC,Quartier général du Groupe des Services de santé des Forces canadiennes
CI Svc S FC,Centre d’instruction des Services de santé des Forces canadiennes
AFC,Attaché des Forces canadiennes
ZFC,zone des forces de couverture
ACF,accord de cessez-le-feu
AAFC,attaché de l’Air des Forces canadiennes
ZAAvC,zone administrative avancée du corps d’armée
 CCAFM,commandant de la composante aérienne de la Force multinationale
CCAFM Av,Commandant de la composante aérienne de la Force multinationale (Avancé)
DMFC,Dépôt de munitions des Forces canadiennes 
DMFC Angus,Dépôt de munitions des Forces canadiennes Angus
DMFC Bedford,Dépôt de munitions des Forces canadiennes Bedford
DMFC Dundurn,Dépôt de munitions des Forces canadiennes Dundurn
DMFC Edmonton,Dépôt de munitions des Forces canadiennes Edmonton
DMFC Rocky Point,Dépôt de munitions des Forces canadiennes Rocky Point
OAFC,Ordonnances administratives des Forces canadiennes
CIFCA,Centre d’instruction des Forces canadiennes dans l’Arctique
CGAFC,Centre de guerre aérospatiale des Forces canadiennes
CFC-A,Commandement des Forces multinationales en Afghanistan
CPCFC,Conseiller plan de campagne des Forces canadiennes
SCFC,Système de commandement des Forces canadiennes
SSCFC,soutien du Système de commandement des Forces canadiennes
ACDF,Autorité centrale de développement des forces
CIFC,Centre d’informatique des Forces canadiennes
SDCD,Stratégie de défense Le Canada d’abord
ESDFC,École des Services dentaires des Forces canadiennes
DFCVST,Directive des Forces Canadiennes sur les voyages en service temporaire
CMEFC,Centre de médecine environnemental des Forces canadiennes
TDFC,tableau de dotation des Forces canadiennes
TDMFCC,tableau de dotation en matériel des Forces canadiennes en campagne
EPFC,École de pilotage des Forces canadiennes
CGFC,Comité des griefs des Forces canadiennes
ALFC,Agence de logement des Forces canadiennes
CSSFC,Centre des services de santé des Forces canadiennes
SISFC,Système d’information sur la santé des Forces Canadiennes
CIV,chef instructeur de vol
CCIFC Expéd,Centre de commandement intégré des Forces canadiennes – Expéditionnaire
CCIFC OQS,Centre de commandement intégré des Forces canadiennes – Officier de quart supérieur
ERFC (L),État-major de renseignement des Forces canadiennes (Londres)
ERFC (W),État-major de renseignement des Forces canadiennes (Washington)
GOIFC,Groupe des opérations d’information des Forces canadiennes
PRIFC,Programme de réinstallation intégrée des Forces canadiennes
IPTFC,Index des publications techniques des Forces canadiennes
QGIFC,Quartier général interarmées des Forces canadiennes
GIOFC,Groupe interarmées des opérations des Forces canadiennes
PIFC,Publication interarmées des Forces canadiennes
LCF,ligne de cessez-le-feu
CLFC,Conseil de liaison des Forces canadiennes
CCFTC,Centre de commandement des Forces terrestres combinées
CAPFC, Centre d’apprentissage et de perfectionnement des Forces canadiennes
OLFC,officier de liaison des Forces canadiennes
ELRFC,École de leadership et de recrues des Forces canadiennes
ELFC,École des langues des Forces canadiennes
ELFC Ottawa,École des langues des Forces canadiennes Ottawa
CILFC,Centre d’instruction de logistique des Forces canadiennes
AMFC,attaché militaire des Forces canadiennes
PAMFC,Programme d’aide aux membres des Forces canadiennes
EPGFC,École de perfectionnement en gestion des Forces canadiennes
CEEM FC,Centre d’expérimentation et d’essais maritimes des Forces canadiennes
EPMFC,École de la Police militaire des Forces canadiennes
Gp PM FC,Groupe de la Police militaire des Forces canadiennes
PEMFC,Programme d’études militaires des Forces canadiennes
ESSFC,École des Services de santé des Forces canadiennes
CGNFC,Centre de guerre navale des Forces canadiennes
SNFC,Secteur du Nord des Forces canadiennes
UNCIFC,Unité nationale de contre-ingérence des Forces canadiennes
SNEFC,Service national des enquêtes des Forces canadiennes
CORFC,Centre d’opérations des réseaux des Forces canadiennes
C Fin,chef des finances
OOFC,Ordonnance d’organisation des Forces canadiennes
SEPFC,Système d’évaluation du personnel des Forces canadiennes
BMRPFC,Bureau de modernisation du Régime de pension des Forces canadiennes
BPFC,bureau de poste des Forces canadiennes
USPFC,Unité des services de protection des Forces canadiennes
USPFC,Unité du Service postal des Forces canadiennes
CDR,commissionné du rang
CRFC,Caserne de la Réserve des Forces canadiennes
GRFC,Groupe du recrutement des Forces canadiennes
QG GRFC,Quartier général du Groupe du recrutement des Forces canadiennes
SGIRFC,Système de gestion de l’information sur le recrutement des Forces canadiennes
SFC,station des Forces canadiennes
SFC Leitrim,Station des Forces canadiennes Leitrim
LPRFC,Loi sur la pension de retraite des Forces canadiennes
EOCAFC,École des opérations de contrôle aérospatial des Forces canadiennes
ETGAFC,École de technologie et du génie aérospatial des Forces canadiennes
EECFC,École de l’électronique et des communications des Forces canadiennes
DAFC,dépôt d’approvisionnement des Forces canadiennes
CORTFC,Centre d’opérations du renseignement sur les transmissions des Forces canadiennes
MAFC,Manuel d’approvisionnement des Forces canadiennes
EGMFC,École du génie militaire des Forces canadiennes
ERMFC,École du renseignement militaire des Forces canadiennes
OSFC,Ordonnances supplémentaires des Forces canadiennes
COSFC,Centre des opérations SIGINT des Forces canadiennes
CDPMFC,Caserne de détention et prison militaire des Forces canadiennes
EEFC,École d’état-major des Forces canadiennes
ERSFC,École de recherche et de sauvetage des Forces Canadiennes
ESMAFC,École de survie et de médecine de l’air des Forces canadiennes
GISFC,Groupe de l’instruction de soutien des Forces canadiennes
USFC,unité de soutien des Forces canadiennes
USFCI,Unité de soutien des Forces canadiennes (Europe)
USFC (Europe),Unité de soutien des Forces canadiennes (Europe)
SEFC,secteur d’entraînement des Forces canadiennes
CDIFC,Centre de développement de l’instruction des Forces canadiennes
ITFC,Instruction technique des Forces canadiennes
POTFC,Programme des opérations et tâches des Forces canadiennes
CFTFC,Centre de formation en traumatologie des Forces canadiennes
HUTTFC,Hélicoptère utilitaire de transport tactique des Forces canadiennes
VCF,violation du cessez-le-feu
XCC,exercice de commandement en campagne
CG,centre de gravité
CG,Garde de cérémonie
CMGC,Catalogue du matériel du gouvernement du Canada
SCGC,Système de catalogage du gouvernement canadien
rte,route
chap,chapitre
Aum(P),aumônier protestant
Aum(CR),aumônier catholique romain
OEBC,obus ooperati brisant chimique
Chef Ops Armée,Chef des opérations de l’Armée
chim,chimique
prod chim,produit chimique
CRHC,Comité des ressources humaines civiles
IC,instructeur-chef
CI,contre-ingérence
COI,conflit d’intérêts
CIC,Cadre des instructeurs de cadets
CIC,centre d’information de combat
CRC,centre de renseignement de la coalition
BR,brouillage rapproché
CIOR,Confédération interalliée des officiers de réserve
EPII,Examen du Programme d’investissements en immobilisations
ERII,Équipe de réaction aux incidents informatiques
CCMFIC,Centre de coordination des mouvements des Forces interarmées de la coalition
UIIC-ICBRN,"Unité interarmées d’intervention du Canada – Incidents chimiques, biologiques, radiologiques et nucléaires"
FOIM,force opérationnelle interarmées multinationale
cl,classement
cl,classifié
cl,classé
SCDC Demandes,Demandes pour les Services consultatifs en droit commercial
OEDC,obus explosif déflagrant chimique
PGTC,projectile guidé tiré par canon
OLC,officier de liaison – cadets
BLC,Bureau de liaison avec le client
CLV,commande sur la ligne de visée
mag hab,magasinier d’habillement
dég,dégager
lib,libérer
Com Surv CEMAT,commis surveillant Chef d’état-major de l’Armée de terre
GC,gestionnaire des carrières
MC,movement control
CM,contre-mesure
MC,missile de croisière
GC,gestion de crise
CMAC,Cour d’appel de la cour martiale du Canada
GBMC,Groupe-brigade mécanisé du Canada
CMC,Président du Comité militaire
cmdt,commandant
AD Comd,air defence commander
ex comd,exercise commander
GMC,Service du génie militaire canadien
DCMM,Dépôt central de matériel médical
GGC,groupe de gestion des crises
JMC,juge militaire en chef
CMM,Commandeur de l’Ordre du mérite militaire
SMMC,Système de messagerie militaire du Canada
CPM,Chef du personnel militaire
CPM D Gest Pers Mil,Directeur - Gestion du Personnel Militaire du Chef du personnel militaire
BG CPM,Bureau général du Chef du personnel militaire
Son Grief CPM,Section des griefs – Chef du personnel militaire
Réclamations EMOL CPM,Vérification des réclamations de l'Équipe de mise en oeuvres des litiges du Chef du personnel militaire
Administratif EMOL CPM,Soutien administratif de l'Équipe de mise en oeuvres des litiges du Chef du personnel militaire
Générale EMOL CPM,Boîte générale de l'Équipe de mise en oeuvres des litiges du Chef du personnel militaire
SR CPM,Salle des rapports du Chef du personnel militaire
Rapp CPM P1,Rapport – Chef du personnel militaire P1
CCEM, Centre canadien d’entraînement aux professionnel
XMT,exercice sur maquette de terrain
CIN,chef instructeur de navigation
AOC,air operations centre
CdeA,centre de l’arc
ASOC,air support operations centre
A Admin Cmdt,adjoint administratif du commandant
coax,mitrailleuse coaxiale
COC,combat operations centre
COC,centre des opérations de combat
C de C,chaîne de commandement
P de C,passation de commandement
JCOC,joint command operations centre
CE,centre d’excellence
FOREOC,force de l’environnement opérationnel contemporain
C du M,correction du moment
JOC,joint operations centre
CI,conflit d’intérêts
CI,communauté d’intérêts
regp,regroupement
obus fum coul,obus fumigène de couleur
COM,Commandeur de l’Ordre du mérite des corps policiers
CENCOM,centre de communications
Cmdt AC,Commandant de l’Armée canadienne
COMCA,commandement médical du corps d’armée
GMCA,groupe médical du corps d’armée
COMINT,renseignement transmissions
comm,communiquer
comm.,Communicateur
gp comm,groupe des communications
Rés Comm dét Shilo,Réserve des Communications – Détachement Shilo
esc comm,escadron des communications
contr,contrôleur
CONTR ACPM - DGSSPM,Contrôleur du Chef adjoint du personnel militaire et du Directeur général - Service de soutien au Personnel militaire
Contr CFT,Contrôleur du commandement de la Force terrestre
G SECOM,gardien de la sécurité des communications
O SECOM,officier de la sécurité des communications
con,contrôle
con,contrôler
conf,conférence
CONOPLAN,plan d’opération de contingence
CONOPS,concept d’opération
ops contl,opérations continentales
pt coord,point de coordination
ICSO,image commune de la situation opérationnelle
minist,ministériel
EOCA,élément organique de corps d’armée
CE,changement d’effectif
CEM,chef d’état-major
CEM GFI,chef d’état-major de la génération de la force interarmées
COSCA,commandement de soutien du corps d’armée
CEM Ops Terre,Chef d’état-major – Opérations terrestres
ACD COSMIC,agent de contrôle des documents COSMIC
CSC,code de spécialité commune
ATOC,air transport operations centre
COTS,commercial sur étagère
crse,course
capt armes,capitaine d’armes
APC,agent du personnel civil
PM 1,premier maître de 1re classe
PM 2,premier maître de 2e classe
RERPC,Rapport d’examen du rendement du personnel civil
MCMP,Médaille canadienne du maintien de la paix
UPR,Unité de protection rapprochée
véh PC,véhicule de poste de commandement
SQMC,sergent quartier-maître de compagnie
DCD,dépôt central des dossiers
RF,reconnaissance fighter
RC,relations avec la clientèle
ZAArC,zone administrative arrière du corps d’armée
CDC,centre de détection et de contrôle
CRC (A),Centre de résolution des conflits (Atlantique)
Commis DCD,commis du dépôt central des dossiers
VCAD,Vérification continue et analyses des données
Accréd Vér,Accréditation et vérification
RCO,rayon de courbure de l’ogive
PMRC,Projet de modernisation des Rangers canadiens
ANRC,Autorité nationale des Rangers canadiens
SSRSC,Système de surveillance des résultats signalés par les clients
GPRC,Groupe de patrouille des Rangers canadiens
CEEPC,Centre d’entraînement élémentaire du Polygone de Connaught
RDC,réseau de détection et de contrôle
ASIC,all source intelligence centre
VCR,véhicule de commandement et de reconnaissance
AR,appui rapproché
MCSE,moniteur de connaissance situationnelle de l’équipage
RESCO,recherche et sauvetage de combat
CST,Centre de la sécurité des télécommunications
CSTC,Centre de la sécurité des télécommunications Canada
OGSC,Officier – Génie des systèmes de combat
GSC,Groupe de soutien du Canada
RCCC,Réseau canadien de communications par commutation
IRSC,Infrastructure du réseau secret consolidé
RG,recoilless gun
SLC,soutien logistique du combat
SSEC,Système de surveillance de l’espace canadien
USC,Unité de soutien du Canada
CIC,Centre d’instruction au combat
CEDC,Centre d’essais et de développement classifiés
NORCO,ompa de cours
OSCT,ompassiv spéciales contre-terroristes
IEH,indemnité d’entretien de l’habillement
GPRCEU,Groupe de planification régional Canada – État-Unis
ZUD,zone urbanisée dense
VC,véhicule de commandement
CV,Croix de la vaillance
CVO,Commandeur de l’Ordre royal de Victoria
GC,guerre chimique
CAC,convention sur les armes chimiques
TDGFC,tableau de dotation de guerre des Forces canadiennes
AC,année civile
REDI,Réseau d’échange Défense – Industrie
IDP,infrastructure Défense-Partenaires
RDP,Réseau Défense-Partenaires
DJ,Directeur juridique
D Pol Méd,Directeur – Politiques médicales
D-Net,Réseau de la défense
ED,évaluation des dommages
DA,angle de dérive
cie AD,companie d’action directe
CDAD,centre de défense aérienne de division
CAAAD,commandant de l’artillerie antiaérienne divisionnaire
DMARC,Directeur – Modes alternatifs de résolution de conflits
GAD,Groupe d’aide au départ
ORAD,officier du renseignement artillerie de la division
DDO Air,Directeur – Disponibilité opérationnelle (Air)
RBEDT,retirement base election date
DOAD,Directives et ordonnances administratives de la défense
PAD,passive air defence
EICC,Équipe d’intervention en cas de catastrophe
ABD,administrateur de base de données
GAD,Gestion des activités de la défense
CGAD,Capacité de gestion des activités de la défense
TCGAD,Transformation de la Capacité de Gestion des Activités de la Défense  
CC,courant continu
ADC,avion à double capacité
RSACD,Règlement sur les secteurs d’accès contrôlé relatif à la défense
SCEM,sous-chef d’état-major
SCEM ATF,Sous-Chef d’état-major – Autorité technique de la formation
PCD,Plan de capacités de défense
RDC,Représentant désigné du client
SID,Services informatiques de la défense
SCN,système de ompass numérique
ISIR,Ingénierie des services d’informatique répartie
DD,destroyer
CDD,Conseil sur la diversité de la défense
CCP,cours de conduit préventive
DDE,destroyer d’escorte
DDH,destroyer porte-hélicoptères
DSOI,Directive du SCEMD pour les opérations internationales
DDR,"désarmement, démobilisation et réintégration"
déc,décembre
déc,décroître
CEPDA,coordonnateur de l’éducation et de la prévention en matière de drogues et d’alcool
décam,décamouflage
O Pont,officier de pont
décon,décontaminer
décon,décontamination
déd,déduire
SRED,Service de répertoire électronique de la défense 
déf,défense
déf,défendre
déf,défendu
déf,défensif
STA degradation,surveillance and target acquisition degradation
DOS,directeur de l’état-major
ROEREQ,rules of engagement request
démo,démontrer
démo,démonstration
demo,demonstration
SCD,Système de courriel de la défense
dent,dentaire
dép,dépôt
dépl,déployer
redépl,redéploiement
dépl,déploiement
dét,détacher
dét,détachement
dét,détonateur
MRP,mobile repair party
UER,unit employment records
dév,développer
élab,élaboration
AED,arme à énergie dirigée
TD,tir défensif
PM & E,"personnes à charge, meubles et effets personnels"
ESFD,Examen de la structure des forces de la défense
VTAD,véhicule de tir d’appui direct
DG,directeur général
DGGPEAAEC,Directeur général – Gestion du programme d’équipement aérospatial (Avions-écoles et chasseurs)
DG Rés Air,Directeur edical – Réserve aérienne
GPD,Guide de planification de la défense
PZD,point edi désiré
ADF,à double fonction
ID,instructeur de drill
PID,Passerelle de l’industrie de la défense
SIGRHD,Système intégré de gestion des ressources humaines de la Défense 
RID,Réseau d’information de la défense
dir,direction
dir,directeur
RRN,rapport de renseignements nationaux
CSID,Courtier des services d’information de la défense
GSD,groupe des services divisionnaires
répart,répartiteur
aval,available
OP,officier de plongée
tp div,troupes divisionnaires
IP,indemnité de plongée
plgr,plongeur
JAGA/CEM,Juge avocat général adjoint/Chef d’état-major
DCGI SGEDP,Directeur – Connaissances et gestion de l’information – Système de gestion électronique des dossiers du personnel
NCRD,niveau de capacité requis pour le déploiement
SM,sous-ministre de la Défense nationale
BAD,base ammunition depot
CGD,Comité de gestion de la défense
destr,destruction
CSGD,Comité de surveillance de la gestion de la défense
btr,batteur
PSD,poste sanitaire de division
SGD,système de gestion des documents
SGDAC,Système de gestion de données (Avions-écoles et chasseurs)
D Mus,Directeur – Musique
ZDM,zone démilitarisée
MDN,ministère de la Défense nationale
CAMDN,Cadre d’architecture du ministère de la Défense nationale et des Forces canadiennes
DN,date de naissance
DEM,directeur de l’état-major
PL,point de livraison
CAAPD,Centre d’apprentissage des Affaires publiques de la Défense
CPD,Conseil de planification de la défense
CPD,Comité des plans de défense
EPD,Examen de la politique de défense
SCADD,Système de communication d’accès à distance déployable
RDDC,Recherche et développement pour la défense Canada
RDDC OSSI,Recherche et développement pour la défense Canada – Officier de la sécurité des systèmes de l’information
RDDC SEC RCN,Recherche et développement pour la défense Canada – Sécurité de la région de la capitale nationale
SIGRD,Système d’information de la gestion des ressources de la défense
PRD,Planification des ressources de distribution
EENIPD,Équipe d’évaluation et de normalisation – Instruction préparatoire au déploiement
URDC,unité relevant directement du commandant
ZRD,Zone d’accès egionti désigné
GD,groupe de direction
DGE,directeur de groupe d’étude
ASM,agent de sécurité ministériel
OEM Svc,officier d’état-major de service
PSD,Programme des services de la Défense
ESDS,équipe de soutien déployée du renseignement sur les transmissions
ESDS,équipe de soutien déployée du SIGINT
CDSD,Comité de direction stratégique de la défense
BTD,Banque de terminologie de la défense
Cmdta FO,Commandant adjoint – Force opérationnelle
GDH,groupe date-heure
SGTD,Système de gestion de terminologie de la défense
SLGTD,Suite du logiciel de gestion de terminologie de la défense
PTD,Programme de terminologie de la défense
STD,Section de terminologie de la défense
CNTD,Conseil de normalisation de terminologie de la défense
GCMVD,Groupe consultatif des minorités visibles de la défense
RPVD,Réseau privé virtuel de la défense
IRPVD,Infrastructure du réseau privé virtuel de la défense
RED,Réseau étendu de la défense
OCFD,Organisation consultative des femmes de la défense
air mov sqn,air movements squadron
AE,attaque électronique
ESCA,échelon supérieur au corps d’armée
FAE,Forces armées des Entités
IDE,informatique décisionelle de l’entreprise
SSE,Services de sauvegarde de l’entreprise
CTD,changement au tableau de dotation
ACE,Aviation Common Equipment
éch,échelon
CME,contre-mesures électroniques
PRE,point de rassemblement de l’équipement
PCE,proposition de changement aux effectifs
CEMA,chef d’état-major d’armée
DA,damage assessment
D de C,directeur de cabinet
BDA,bomb damage assessment
CDE,chien détecteur d’explosifs
éduc,éducation
SGDDE,Système de gestion des documents et des dossiers de l’entreprise
ESI,Exemption du service et de l’instruction
CD&E,concept development and experimentation
EEIF,éléments essentiels d’information favorable
RED,repérage par écho de détonation
FE,force employment
CCMSE,Centre de coordinationde la mise en service de l’équipement
BDE,barème de distribution de l’équipement
SIE,Systèmes d’Infrastructure de l’entreprise
GSTIE,Gestion des services de technologie de l’information d’entreprise 
éjec,éjection
électrique,élec
électron,électronique
ELINT,renseignement électronique
recce boat,reconnaissance boat
CEM,compatibilité électromagnétique
CONEM,contrôle d’émission
urge,d’urgence
JMS,Joint Movement Squadron
EMSEC,sécurité de rayonnement
en,ennemi
pj,pièce jointe
O Ing,officier ingénieur
ing,ingénieur
inq,inquiry
inq,inquire
SLt,sub-lieutenant
A/SLt,acting sub-lieutenant
O env,officier de l’environnement
optoelectron,optoélectronique
OCOM,objectif de compétence
NEM,neutralisation des explosifs et munitions
IMQ,ingénieur mécanicien de quart
REM,reconnaissance des explosifs et munitions
MPE,mesures de protection électronique
éqpt,équipement
BRE,blindage réactif par explosion
VAF,vérification approfondie de fiabilité
CDOE,Centre de disponibilité opérationnelle expéditionnaire
ERMISS,Système de dragues à influences multiples et résistant aux explosions
NIM,numéro d’immatriculation du matériel
PRE,planification des ressources de l’entreprise
PPA,projectile à portée accrue
RPA,roquette à portée accrue
EIU,équipe d’intervention d’urgence
Esc G,escadron du génie
CSE,conseil de ermanent électronique
AD Sqn,air demonstration squadron
ACSS Sqn,air combat service support squadron
MSGE,mesures de soutien de guerre électronique
RAG,egiont d’appui du génie
appr,appréciation
étab,établir
UAG,unité d’appui du génie
HAP,heure d’arrivée prévue
HAP,heure d’achèvement prévue
HDP,heure de egion prévue
HRP,heure de retour prévue
EEI,Équipe d’entraînement intégrée
évac,évacuer
évac,évacuation
éval,évaluer
AL,alerte lointaine
GE,guerre électronique
CCGE,centre de coordination de guerre électronique
COGE,centre des opérations de guerre électronique
RAL,radar d’alerte lointaine
EENGE,Équipe d’évaluation et de normalisation de la guerre électronique
excl,exclusive
excl,exclusion
excl,exclusif
cmdt ex,commandant de l’exercice
exéc,exécuter
exéc,exécution
dir ex,directeur d’exercise
expér,expérimentation
exploi,exploitation
C de T,champ de tir
VRMAC,véhicule de ravitaillement en munitions d’artillerie de campagne
CAA,contrôleur aérien avancé
CZAv,commandement de zone avancée
PCTA,poste de contrôle tactique avancé
PARA,point avancé de réarmement et d'avitaillement
CAAA,centre d’appui aérien avancé
FMD,famille de mines dispersables
GFSA,gestionnaire foctionnel du soutien de l’application
RSAOZA,radar de surveillance et d’acquisition d’objectifs de la zone avancée
fax,fac-similé
FC,contrôleur d’interception
CSI,chef du service des incendies
contr T,contrôleur de tir
CCI,centre de contrôle d’une installation
SCT,système de conduite de tir
DF,développement des forces
RAC,egiont d’artillerie de campagne
ISE,indemnité de service à l’étranger
CDC,caserne de détention de campagne
MRF,multiplexage par répartition en fréquence
UPF(A),Unité de plongée de la flotte (Atlantique)
UPF(P),Unité de plongée de la flotte (Pacifique)
EF,egion d’une force
fév,février
LAZB,limite avant de la zone de bataille
RG,ermanen du génie
EG,escadron du génie
CTC,centre de tir de campagne
PCFAC,Projet de capacité future en matière d’avions chasseurs
APR,adapté pour radio
MPF,mise sur pied d’une force
ITFMS,Infrastructure terrestre fédérée pour les missions satellites
PSF,protection de la santé des forces
cbt ZB,combat dans les zones bâties
Commis Fin,commis des finances
FIS,service d’information de vol
CCLA,centre de contrôle logistique avancé
LAFE,ligne avant des forces ennemies
GLA,groupe logistique avancé
SGCL,Système de gestion des carburants et lubrifiants
COLA,centre d’opérations logistiques avancé
O Log Fmn,Officier de logistique (Formation)
LAFA,ligne avant des forces amies
SLA,site logistique de l’avant
IMF,installation de maintenance de la flotte 
UARFM,unité avancée de ravitaillement en fournitures médicales
SGF,Système de gestion de la flotte
DMAv,dépôt egion avancé
UMAS,unité mobile avancée de soutien
offr gén,officier général
IOC,indemnité d’opérations en campagne
BOA,base d’opérations avancée
FOB,base d’opérations avancée
FOD,dommage par corps étranger
PLO,première langue officielle
PF,protection des forces
TA,tir d’arrêt
XLA,exercice à libre action
O frag,ordre fragmentaire
fréq,fréquence
CAR,centre avancé de régulation
GAR,groupe avancé de réparation
PRA,peloton de réparation avancé
ERA,équipe de réparation avancée
AF,appui-feu
CCFA,centre de coordination des feux d’appui
LCFA,ligne de coordination des feux d’appui
OSV,officier de la sécurité des vols
SEPA,"Service extérieur, pensions et assurances"
ECC,équipe chirurgicale de campagne
VTA,véhicule de tir d’appui
ETC,équipe de transfusion de campagne
EITA,escadron d’instruction technique appliquée
XEC,exercice d’entraînement en campagne
fus,fusilier
Fus du St-L,Les Fusiliers du St-Laurent
Fus MR,Les Fusiliers Mont-Royal
av,avancée
AF,année financière
G1,G1 Personnel et administration
G3,G3 Opérations
G4,G4 Logistique
G5,G5 Affaires publiques
G6,G6 TCCCS et informatiques
G8,G8 Contrôleur
G9,G9 Bureau de liaison et de coordination coopération civile et militaire
AG,alerte générale
AS,attaque au sol
SP,secteur de pièces
DAG,Departure Assistance Group
CAS,chasseur d’attaque au sol
PPP,point de pointage de pièce
ess,essence
ABBG,airborne brigade group
CAS,capteur au sol
CM,crisis management
GC,gouvernement du Canada
ICS,interception contrôlée du sol
CMG,cour martiale générale
ÉCG,Étoile de ermanent générale
PCS,poste de contrôle au sol
LCPM,life cycle product management
SG,service général
élm prot,élément de protection
DTG,date-time group
PDG,plan de déploiement général
SAGE,Services d’annuaires gouvernementaux électroniques
gén,général
offr gén,officiers généraux
géo,géographique
géom,géomatique
géo,géospatial
GEOINT,renseignement géospatial
STA,secteur de tir d’artillerie
IFG,information fournie par le gouvernement
CMG,crisis management group
TARM,total air resource management
OLAT,officier de liaison de l’Armée de terre
MRG,main repair group
artil,artilleur
L OG,liste des officiers généraux
OMG,operational manoeuvre group
govt,gouvernement
gp,groupe
gp,group
CG,chef de groupe
comm gp,communications group
occ gp,occupation group
R Gp,reconnaissance group
GBP,groupe-brigade polyvalent
MP,mitrailleuse polyvalente
GPS,système mondial de positionnement
RM,resource management
coord,coordonnées de quadrillage
EMG,état-major général
AG,appui général
DISGP,division service group
QGGSG,Quartier général du groupe de soutien général
JSG,joint support group
MSG,Médaille du service général
MFG,matériel fourni par le gouvernement
DEMFMR,description des exigences militaires fondamentales – militaires du rang
OSG,officier de la sécurité générale
OSG,officers du service général
AGR,renforcement de l’appui général
RSS,radar de surveillance au sol
GST,équipe de soutien en géomatique
BPB,blessure par balle
ZST,zone de sécurité terrestre
square BG,square battle group
AT,arme téléguidée
PZ,point zéro
OAH,ermanent de secours humanitaire
HAZMAT,matières dangereuses
Dét DP,Détachement de défense portuaire
hél,hélicoptère
EEOH,Escadron d’entraînement opérationnel d’hélicoptères
DHELI,demande d’hélicoptère
MHELI,mission d’hélicoptère
HEP,egionti brisant plastique
HF,haute fréquence
VRD,voyage de recherche d’un domicile
CONSUP,contrôle supérieur
ZCEAIT,zone de contrôle de l’espace aérien à trafic intense
LR,ligne de recueil
DAHA,défense aérienne à haute altitude
IRDC,indemnité de retour de congé
VLLR,véhicule logistique lourd à roues
NCSM BYTOWN,Navire canadien de Sa Majesté BYTOWN
NCSM ORIOLE,Navire canadien de Sa Majesté ORIOLE
ML,mitrailleuse lourde
OMD,officier des matières dangereuses
VGM,véhicule à grande mobilité
PH,pays hôte
HEX,hauteur d’explosion
CDD,chef de délégation
IEEOH,Installation d’évaluation et d’essais opérationnels – Hélicoptères
HOTPHOTOREP,compte rendu photo immédiat
HOTREP,compte rendu immédiat
HP,haute pression
AMFP,armes micro-ondes de forte puissance
LOR,liste d’objectifs rentables
QG,quartier général
QG & Esc Trans,quartier général et escadron de transmissions
BCS,batterie de commandement et des services
Cie Comd & Svcs,compagnie de commandement et des services
CCS,compagnie de commandement et des services
SR QG,salle des rapports du quartier général
ECS,escadron de commandement et des services
GARH,Gestionnaire des activités – Ressources humaines
BTARH,Bureau de la transformation des activités des ressources humaines civiles
SGRH,système de gestion des ressources humaines
EGRH,Équipe de gestion des ressources humaines
hrmsn,harmonisation
APRH,Assistant de projet des ressources humaines 
O Logt,officier du logement
BSGV,bâtiment de surface à grande vitesse
HT,haute tension
HUMINT,renseignement d’origine humaine
HUMRO,peration de secours humanitaire
L,lourd
mor L,mortier lourd
c-à-d,c’est-à-dire
AI,action immédiate
E Nav,enquêtes sur la navigabilité
CRAR,centre de recherche et d’analyse du renseignement
ICBM,missile balistique intercontinental
ICBRD,"dispositifs chimiques, biologiques et radiologiques de circonstance"
MCA,munitions classiques améliorées
PEVI,pilote examinateur de vol aux instruments
ident,identité
ED Int,engagement de durée intermédiaire
CEI,Commission électrotechnique internationale
IFR,règles de vol aux instruments
IA,instructeur en artillerie
éclair,éclairer
éclair,éclairant
éclair,éclairage
ILS,système d’atterrissage aux instruments
GI,gestion de l’information
EGCGI,Équipe de gestion de crise en gestion de l’information
DGI,Directives sur la gestion de l’information
Gp GI,Groupe de gestion de l’information
IGI,Infrastructure de la gestion de l’information
GBIMI,groupe-brigade d’infanterie mécanisée indépendant
imméd,immédiat
IMLC,capacité provisoire de transport par hélicoptère moyen
SIGEP,Système intégré de gestion de l’état de préparation
EMI,état-major militaire international
EMI,État-major militaire international
NGI,norme de gestion de l’information
norme GI,norme de gestion de l’information
GETGI,Groupe d’experts en terminologie de la gestion de l’information
indép,indépendant
GT inf,groupement tactique d’infanterie
info,pour l’information de
arch info,architecture de l’information
enq,enquêter
enq,enquête
instr,instructeur
Cie Rens,compagnie du renseignement
intméd,intermédiaire
posn intméd,position intermédiaire
INTREP,compte rendu renseignement
EM rens,état-major du renseignement
INTSUM,résumé renseignement
unsvc,unserviceable
O Rens,officier du renseignement
BOI,besoin opérationnel immédiat
P de C,point de contrôle
PO,point d’orientation (air)
PI,propriété intellectuelle
PMO,plan de mise en œuvre
EPI,équipement de protection individuelle
Op PI,opération de protection de l’information
ED Ind,engagement de durée indéterminée
IRBM,missile balistique de portée intermédiaire
RDVO,ressources documentaires à valeur opérationnelle
FRI,force de egiont immédiate
SI,système d’information
SI,sécurité intérieure
Admin SI,administrateur de services d’information
FIAS,Force internationale d’assistance à la sécurité
CEPI,Centre d’excellence de partage d’informations
LSI,Liste actuelle de service international
ops SI,egiontio de sécurité intérieure
OSSI,officier de la sécurité des systèmes d’information
IGSTI,Infrastructure de la gestion des services de technologie de l’information
VAI,viseur d’arme individuelle
J3 Génie Ops,J3 Génie – Opérations
J3 Ops CCDN,J3 Opérations – Centre de commandement de la défense nationale
J4 Ops Méd,J4 Opérations Médicales
Atel C I,Atelier de ermanent interarmées
EMI,état-major interarmées
JAG,Juge-avocat général
JAG Gadmin,Juge-avocat général – Gestionnaire de l’administration
JAG O Admin,Juge-avocat général – Officier admin
JAG Contr,Juge-avocat général  – Contrôleur
JAG BG,Juge-avocat général – Bureau général
JAG Info,Juge-avocat général  – Informatique
JAG Biblio,Juge-avocat général  – Bibliothèque
JAG Pers,Juge-avocat général – Personnel civil
JAG Plan,Juge-avocat général – Plan d’activités
brouil,brouiller
brouil,brouillage
JC2IS,Système d’information de commandement et de contrôle interarmées
CCI,centre de commandement interarmées
COCI,centre d’opérations du commandement interarmées
PQGID,Projet de quartier général interarmées déployable
CCAFI,commandant de la composante aérienne de la force interarmées
QGI,quartier egion interarmées
CFIRI,capacité de fusion de l’information et du renseignement interarmées
IIMP,"interarmées, intégré, multinational et public"
RLI,Régiment logistique interarmées
Cie PMI,Compagnie de police militaire interarmées
COI,centre d’opérations interarmées
CCOI,centre de coordination d’opérations interarmées
junc,junction
CIR,commandement interarmées régional
CCCOS,centre conjoint de coordination de sauvetage
CCEMIR,Cours de commandement et d’état-major interarmées pour la Réserve
GSI,groupe de soutien interarmées
NSI,navire de soutien interarmées
FOI,Force opérationnelle interarmées
Poste FOIC,poste de force opérationnelle interarmées centre
FOI ROHUM,force opérationnelle interarmées – renseignement humain
SCF FOIN,Section de commandement de la formation – Force opérationnelle interarmées (Nord)
GETI,Groupe d’experts en terminologie interarmées
Jun,June
jonct,jonction
proj EC,projectile à énergie cinétique
CFC,"couteau, fourchette et cuillère"
TAC,tué au combat
GC,gestion de la connaissance
MVK,Mission de vérification au Kosovo
L de C,lignes de communications
BBA,bombardement à basse altitude
HAL,hélicoptère d’attaque léger
FAL,fusil automatique léger
lat,latitude
VBL,véhicule blindé léger
AACL,arme antichar légère
BBD,"buanderie, bain et décontamination"
CAC,Centre d’apprentissage et de carrière
CCL,centre de coordination logistique
GCVM,gestionnaire du cycle de vie du matériel
lcol,lieutenant-colonel
LCol,lieutenant-colonel
GCVP,gestion du cycle de vie des produits
SCL,Suite de communications légère
GCVS,Gestion du cycle de vie des systèmes
SSCFT,Sysème de soutien du commandement de la Force terrestre
SATT,système d’appui tactique terrestre
LD,ligne de départ
FD,force de débarquement
SFT,secteur de la Force terrestre
SFTA,Stratégie de la Force terrestre dans l’Arctique
CSSCFT,Centre de simulation du Secteur du Centre de la Force terrestre
SIFT,Système d’instruction de la Force terrestre
XTR,exercice de tir réel
BGL,bombe à guidage laser
lgén,lieutenant-général
HL,hélicoptère léger
SMC,système de manutention de charge
BIL,brigade d’infanterie légère
ling,linguistique
LIVEX,live exercise
LIVEX,exercice réel
LR,leçons retenues
LER,ligne d’éclairage réduit
DABA,défense aérienne à basse altitude
RTBA,route de transit à basse altitude
M lég,mitrailleuse légère
OL,officier de liaison
LOB,laissé hors de la bataille
COL,centre d’opérations logistiques
loc,localité
rep,repérage
CONINF,contrôle inférieur
CRP,compte rendu des positions
CIOT,cours d’initiation aux opérations terrestres
log,logistique
O log,ordre logistique
O Log,officier de la logistique
LOGREP,compte rendu logistique
LDM,ligne de mire
LDV,ligne de visée
LDS,ligne de site
TVD,trajet en visibilité directe
OLSR,opérations logistiques sur la rive
LOX,oxygène liquide
LOX,liquid oxygen
PE,poste d’écoute
LL,lessons learned
AABLP,"arme antiblindé, longue portée"
système AABLP,"système d’arme antiblindé, longue portée "
BLRA,bombardier à long rayon d’action
MRL,multiple rocket launcher
APLRA,aéronef de patrouille à long rayon d’action
ATLRA,aéronef de transport à long rayon d’action
EMAT,État-major de l’Armée de terre
GAL,gérant d’approvisionnement local
LSTL,Louis St-Laurent Building
LSTL,Édifice Louis St-Laurent
VSL,véhicule de soutien léger
VSLR,véhicule de soutien léger à roues
lt,lieutenant
Lt,lieutenant
lum,lumière
OTL,obusier tracté léger
mor lég,mortier léger
RAL,regiment d’artillerie légère
ltv,lieutenant de vaisseau
LPM,ligne de portée minimale
Lt(N),lieutenant(N)
VULR,véhicule utilitaire léger à roues
CSS,congé sans solde
LLA,ligne de largage d’armes
Santé M,santé mentale
CM,conseiller militaire
AM,amplitude modulation
MAD,destruction mutuelle assurée
mag,magnétique
O Vérif Maint,officier – vérification de la maintenance
SMMA,section mobile des mouvements aériens
O SMMA,officier – Section mobile des mouvements aériens
SAAP,système antiaérien portable
SMOP,système modulaire d’orientation et de positionnement
MARISAT,système maritime de communications par satellite
FMAR(A),Forces maritimes de l’Atlantique
FMAR(P),Forces maritimes du Pacifique
TRANSAR,air transport accept/refuse message
BMS,Bureau militaire de standardisation
ASM,air-to-surface missile
SISAM,Système d’information de soutien et d’acquisition du matériel
SSAM,système de support administratif militaire
mat,matériau
mat,matériels
BM,brigade mécanisée
MB,Médaille de la bravoure
mbre,membre
CM,Comité militaire
CM,cruise missile
CM,contrôle des mouvements
CM,couloir de mobilité
C & G,cartographie et géodésie
CCM,comité de egiontion militaire
NDC,navire de défense côtière
FCM,Fraternité chrétienne militaire du Canada
ALCM,air-launched cruise missile
LCM,egi contre les mines
OCM,officier contrôleur du matériel
OCM,organisation du contrôle des mouvements
SRCM,Salle des rapports du Campus des Matériels
UMCD,Unité mobile de contrôle et détection
SCG,service consultatif de la gestion
SCM,Suite de communications moyenne
ZDP,zone de défense principale
CDM,egiont dentaire mobile
FDP,force de défense principale
LDM,laboratoire dentaire mobile
PPDM,processus de prise de décision militaire
méc,mécanicien
méc,mécanique
méc,mécanisé
méd,médical
méd,médecine
A Méd,adjoint médical
Commis Méd,commis médical
cie méd,compagnie médicale
Svc S,services de santé
Tech Méd,technicien médical
météo,météorologique
météo,météorologie
CEEM,Centre d’essais et d’expérimentation des munitions
METREP,rapport météorologique
Ele AUM,Escadrille d’aéronefs utilitaires multimoteurs 
TM, tir de mortier
PFM,pont flottant moyen
CIOM,contrôleur d’interception en opérations maritimes
CTM,contrôleur de tir de mortier
EFO,exigence fonctionnelle obligatoire
CRFM,Centre de ressources pour les familles des militaires
mit,mitrailleuse
PM,pont moyen
gest,gestionnaire
O Svc Gest,officier des services de gestion
Esc HM,escadron d’hélicoptères maritimes
EMM,équipement de manutention des matériels
PHM,Projet des hélicoptères maritimes
CIHM,Centre d’instruction sur les hélicoptères maritimes
AIM,air intercept missile
BIM,brigade d’infanterie mécanisée
CIG,contrôleur de l’information gestionnelle
FRIF,Fichier de référence international des fréquences
STIM,système de tir indirect moyen
COMPERSMIL,Commandement du personnel militaire
REPMIL,représentant militaire
PIM,Programme d’interopérabilité multilatérale
MIRV,missile à ogives multiples indépendamment guidées
JM,justice militaire
DAMA,défense aérienne à moyenne altitude
UMBB,unité mobile de buanderie et de bain
CM,classement militaire
FML,force multilatérale
BLM,Bureau de liaison avec les médias
LRM,lance-roquettes multiples
VLMR,véhicule logistique moyen à roues
mm,millimètre
CGM,centre de gestion du matériel
MSL,mitrailleuse semi-lourde
STMM,système de traitement des messages militaires
MMM,Membre de l’Ordre du mérite militaire
EMS,effectifs militaires surnuméraires
MSE,mobile support equipment
MVM,Médaille de la vaillance militaire
AMME,altitude minimale moyenne d’éclatement
min DN,ministre de la Défense nationale
MM,médecin militaire
AAM,approche axée sur la mission
mob,mobilité
BOP,base d’opérations principale
GPM,groupe professionnel militaire
CGPM,code de groupe professionnel militaire
CE,critère d’efficacité
MOM,Membre de l’Ordre du mérite des corps policiers
AMO,Arrêté ministériel d’organisation
CR,critère de rendement
MOPMS,système modulaire de mines jointes
mor,mortier
Gest IC,gestion de l’information consignée
posn mor,position de mortiers
MORTREP,compte rendu de bombardement de mortiers
SGPM,structure des groupes professionnels militaires
ID SGPM,identification de la structure des groupes professionnels militaires
mot,moteur
mot,motorisé
mouv,mouvement
O Mouv,officier de mouvements
O mouv,ordre de mouvement
PATMAR,patrouille maritime
PM,police militaire
Commis PM,commis de la police militaire
Unité PM,unité de la police militaire
APATMAR,aéronef de patrouille maritime
SRCPM,Section du renseignement criminel de la police militaire
UMEE,Unité maritime d’essais et d’évaluation
VPG,véhicule polyvalent du génie
APGM,autonomous precision-guided munition
PMI,point moyen des impacts
CNDPM,Centre national des données de la Police militaire
SDPM,Sommaire des dossiers du personnel militaire
RM,radeau moyen
AABMP,"arme antiblindé, moyenne portée"
ACMR,aéronef de combat multirôle
GMP,groupe de maintenance principal
LRM,lance-roquettes multiple
SLRM,système de lance-roquettes multitude
PGEP,Plan de gestion de l’état de préparation
Dét MR,détachement mobile de réparation
PAS,poste d’accueil sanitaire
EMR,équipe mobile de réparation
MRTI,imageur thermique polyvalent
SAM,surface-to-air missile
CMM,couple militaire marié
CSM,Croix du service méritoire
DMS,distance minimale de sécurité
MMS,équipement mobile de soutien
LISCS,liste des séquences clés du scénario
OMMS,officer de matériel mobile de soutien
A/R msg,accept/refuse message
NMM,niveau moyen de la mer
MSM,Médaille du service méritoire
sout msn,soutien de mission
OSM,officier de soutien de la maintenance
OSM,Organisation de soutien mécanique
OEMM,Officier d’état-major du Ministre
COSM,Centre d’opérations de la sécurité maritime
IPR,itinéraire principal de ravitaillement
SRDM,Section de rédaction des discours ministériels
SSM,surface-to-surface missile
RPSAO,radar portatif de surveillance et d’acquisition d’objectifs
SVSM,système de véhicule de soutien moyen
MT,mégatonne
PAIM,Programme d’aide à l’instruction militaire 
CIT,Centre d’instruction tactique
mté,monté
HTM,hélicoptère de transport moyen
artil mont,artillerie de montagne
CSEM Gagetown,Centre de soutien de l’entraînement de la Milice – Gagetown
HTTM,hélicoptère de transport tactique moyen
DMR,durée moyenne des réparations
ammo,ammunition
PVM,point vital militaire
GM,guerre des mines
CGM,coordonnateur de la guerre des mines
PNG,petit navire de guerre
PPE,Plan pluriannuel des effectifs
T.-N.-L.,Terre-Neuve-et-Labrador
N.-É.,Nouvelle-Écosse
T.N.-O.,Territoires du Nord-Ouest
CAN,Conseil de l’Atlantique Nord
FNA,forces non alignées
OTAN,Organisation du Traité de l’Atlantique Nord
CMC OTAN,Président du Comité militaire OTAN
OCMC OTAN,Cabinet du Président du Comité militaire OTAN
AIDNAV,aide à la navigation
NAVI,navigateur-instructeur
GNBC,"guerre nucléaire, biologique et chimique"
CCN,Centre de commandement national
SNICC,"Système national d’information, de commandement et de contrôle"
UNCE,Unité nationale de contre-espionnage
MR,militaire du rang
PPMR,perfectionnement professionnel des militaires du rang
RCN,Région de la capitale nationale
IAR,indicatif d’appel de réseau
DN,Défense nationale
LDN,Loi sur la défense nationale
Poste CCDN,poste du Centre de commande de la défense nationale
SNCD,Système de communication national déployable
QGDN,Quartier général de la Défense nationale
EMDN,État-major de la Défense nationale
IDDN,Index de documentation de la Défense nationale
SIDN,service d’identification de la Défense nationale
ODN,officier de la défense nucléaire
DNEL,Défense nationale en ligne
CT AQDN,Centre de travail de l’assurance de la qualité de la défense nationale
néc,nécessaire
OFR,opérations facilitées par réseau
PIEN,Programme d’instruction sur l’environnement naval
PIENO,Programme d’instruction sur l’environnement naval – Officiers
neut,neutraliser
AFN,appui-feu naval
OAAFN,observateur avancé de l’appui-feu naval
OLAFN,officier de liaison de l’appui-feu naval
OEMAFN,officier d’état-major de l’appui-feu naval
ONG,organisation non gouvernementale
NGRI,Réseau à porte par infrastructure à distance
noct,nocturne
IIR,egiontio d’identification d’un réseau
SNE,Service national des enquêtes
OLM,officier de liaison de la marine
IML,infirmier militaire de liaison
NLR,représentant national de liaison
APTL,au plus tard le
ANL,arme non létale
CMN,Cimetière militaire national
PMA,pas de egiont avant
CNPGPM,Centre national des politiques de gestion du personnel militaire
RMN,représentant militaire national
no,numéro
COR,centre d’opérations des réseaux 
OBN,ordre de bataille naval
PPP,plus proche parent
appt,appointment
appt,appoint
NORAD,Commandement de la défense aérospatiale de l’Amérique du Nord
SER,système d’exploitation de réseau
ORS,opérations du réseau et de la sécurité
NOTAL,non egion à tous
AQP,avis de qualification particulière
GL,groupe linguistique
LAN,liaison arrière nationale
GTNRT,Groupe de travail national du recrutement – Transformation
NAE,nouvel aéronef embarqué
ESN,élément de soutien national
CC ESN,Commis chef – Élément de soutien national
O Ops ESN,Officier des opérations – Élément de soutien national
LSN,ligne de sécurité nucléaire
RAS,rien à signaler
VTN,véhicule pour terrain nordique
nuc,nucléaire
artil nuc,artillerie nucléaire
NUCREP,compte rendu d’explosion nucléaire
arme nuc,arme nucléaire
NUDET,explosion nucléaire
NUSIC,centre d’information sur les attaques nucléaires
EEVR,Équipe d’évaluation de vulnérabilités du réseau
NO,navigabilité opérationnelle
Gp O,groupe des ordres
O & E,organisation et effectifs
E & M,exploitation et maintenance
O & M,aletions et maintenance
ANO,Autorité de navigabilité opérationnelle
Aut NO,egiontiono de navigabilité opérationnelle
AAO,appui aérien offensif
OBC,Ordre de la Colombie-Britannique
GP GPM,groupe de GPM
Cmdt Dent,commandant dentaire
POCO,Programme d’orientation des carrières – Officiers
CAG,Cabinet de l’aumônier général
OCMC,Cabinet du Président du Comité militaire
Cmdt Sout,commandant – soutien
Cmdt Svc,commandant de la sous-unité des services
BSD,Bureau de sécurité de la défense
CFO,Compte de fonds pour les opérations
DEMFO,description des exigences militaires fondamentales – officiers
couv,couverture
RPJ,rétroprojecteur
couv renf,couverture renforcée
TRPJ,transparent de rétroprojection
FCE,formation en cours d’emploi
NFCE,norme de formation en cours d’emploi
LO,langues officielles
FILO,formulaire d’information sur les langues officielles
OM,Ordre du Manitoba
OM,Ordre du mérite
GOM,groupement opérationnel de manoeuvre
OMM,Officier de l’Ordre du mérite militaire
MSEO,mobile support equipment officer
ONB,Ordre du Nouveau-Brunswick
ONL,Ordre de Terre-Neuve et du Labrador
ONS,Ordre de la Nouvelle-Écosse
OOM,Officier de l’Ordre du mérite des corps policiers
O Quart,officier de quart
op,opérer
Op,opération
op,opérationnel
OPEI,Ordre de L’Île-du-Prince-Édouard
instr op,instruction d’opérations
O op,ordre d’opération
plan op,plan d’opération
besoin op,besoin opérationnel
rés op,ermane opérationnelle
entr op,entraînement opérationnel
OPCAP,capacité opérationnelle
OPCOM,commandement opérationnel
OPCON,contrôle opérationnel
PPO,perfectionnement professionnel des officiers
BPR,bureau de première responsabilité
PEMPO,Programme d’études militaires professionnelles pour les officiers
SMPO,Système de mesure de la performance des opérations
PPO,processus de planification opérationnelle
OPRED,état de préparation opérationnelle
ops,opérations
C Ops,centre d’opérations
Commis Ops,commis des opérations
Air Det Ops,air detachment operations
AGI Ops,agent de gestion de l’information
O Ops,officier des opérations
SR Ops,erm des rapports – opérations
eff op,effectif opérationnel
Adj Ops,adjudant des opérations
QGP,qualifié pour son groupe professionnel
SR,ale des rapports
ORBAT,ordre de bataille
Commis SR,commis de la salle des rapports
OSO,officier de la salle des opérations
CERO,Chef d’équipe – Recherche opérationnelle
DGPM,description de groupe professionnel militaire
BSO,base de soutien opérationnel
CSOP,Centre de soutien opérationnel du Pacifique
EPBE,évaluation sur place des besoins en effectifs
PMOSGPM,plan de mise en professionnel de la structure des groupes professionnels militaires
MSO,Médaille du service opérationnel
DS,description de spécialité
CVDGPM,Conseil de validation – Description de groupe professionnel militaire
OTC,officier exerçant le commandement tactique
PFO,Programme de formation des officiers
O graph,ordre graphique
C & T,cornemuses & tambours
AP,ammunition point
P rés,Première réserve
Î.-P.-É.,Île-du-Prince-Édouard
AP,affaires publiques
AC,à classer
AHP,architecture d’harmonisation de programmes
Branche AP,Branche des services des affaires publiques
CAP,Centre egimentsive – Patients
CAP,combat air patrol
DAP,défense aérienne passive
OAP,officier des affaires publiques
PAR,radar d’approche de précision
para,parachute
APA,abri protégé pour aéronefs
COREN,contrôle de rendement
CPR,certificat provisoire de réforme
ECP,establishment change proposal
IRAC,indemnité de réintégration après le combat
ECRP,Évaluation de la complexité et des risques des projets
FDC,fire direction centre
pd,période
PP,perfectionnement professionnel
GRP,gestion de réalisation de projet
RDP,revue de développement du personnel
AUP,avis d’urgence personnel
RAR,rapport d’appréciation du rendement
RAP,rapport d’appréciation du personnel
PERINTREP,rapport périodique de renseignement
PERMREP,représentant permanent
OEPL,officier d’éducation physique et des loisirs
O Admin Pers,officier d’administration du personnel
br pers,branche du personnel
gest pers,gestion du personnel
EM pers,état-major personnel
svc pers,services au personnel
O Svc Pers,officier des services au personnel
pét,pétrole
SAPTR,service antérieur à plein temps et rémunéré
MGP,munition à guidage de précision
pharm,pharmaceutique
PHOTOR,reconnaissance photographique
PHOTOR,photo reconnaissance
IP,egiontionon photographique
PMOP,plan de mise en professionnel de project
BPR,besoins prioritaires en renseignement
PIREP,compte rendu de pilote
SIP,section d’interprétation photographique
UIP,nite d’interprétation photographique
LP,ligne de phase
Cmdt Pon,commandant de peloton
RB,roulé-boulé
QEL,qualification élémentaire en leadership
SCP,système de chargement palettisé
G Prév,grand prévot
DF&E,"dependents, furniture and effects"
PCM,président du comité du mess
DCGP,Développement des compétences en gestion de projet
RIEP,Rapport d’inspection d’entretien préventif
SIGP,Système d’information pour la gestion du personnel
CPM,Cabinet du premier ministre
IP,implementation plan
PIP,project implementation plan
OSIP,occupational structure implementation plan
SDMR,spécification détaillée de la maintenance et de la réparation
OREN,objectif de rendement
m 1,maître de 1re classe
m 2,maître de 2e classe
Aut PNO,autorisation provisoire de navigabilité opérationnelle
FAOP,Formation et attestation des officiers présidents
POD,port de débarquement
PE,port d’embarquement
PP,produits pétroliers
pol,politique
véh pers,véhicule personnel
RPO,rapport post-opération
TROP,Test de renouvellement d’attestation des officiers présidents
posn,position
mor posn,mortar position
PG,prisonnier de guerre
pt PP,point de produits pétroliers
EPP,équipement prépositionné
VCP,vol de vérification de la compétence du pilote
TdePl,tête de pipeline
cornmsr,cornemuseur
RP,replenishment point
RP,relations publiques
ERP,enterprise resource planning
ECP,equipment collecting point
prereq,prerequisite
pri,priorité
ECEPR,Étude sur la capacité d’emploi de la Première réserve
prélim,préliminaire
prép,préparer
préal,préalable
CFICR,Centre de formation et d’instruction consécutive au recrutement
BPVP,Bureau de la protection de la vie privée
CPR,Cadre de la Première réserve
ORP,officier des relations publiques
tmt,traitement
prod,produits
prog,progrès
O Proj,officier de projet
prom,promouvoir
PRC,point de ravitaillement en carburant
PTC,point de transvidage des carburants
RERPC,Rapport d’examen du rendement (personnel civil)
SDP,sommaire des dossiers personnels
EPR,équipe egiontio de reconstruction
OSP,opération de soutien de la paix
OSP,officier de sélection du personnel
psy,psychologique
OpsPsy,egiments psychologiques
Branche Spers,Branche des services de sélection du personnel
ptl,patrouille
recce ptl,reconnaissance patrol
reco de pt,reconnaissance de point
CPAL,charge palettisée
PE,point d’embarquement
RPX,rapport post-exercice
compo pyro,composition pyrotechnique
AQ,assurance de la qualité
CTAQ,Centre de travail sur l’assurance de la qualité
CQ,contrôle de la qualité
QCA,Manège militaire Queen Charlotte
CPSM,capitaine de port de Sa Majesté
CPSM Esquimalt,Capitaine de port de Sa Majesté Esquimalt
CPSM Halifax,Capitaine de port de Sa Majesté Halifax
QM,quartier-maître
AARR,avion en alerte de réaction rapide
PDQ,plans de description de qualification
qtrs,quartiers
qté,quantité
Qc.,Québec
ques,question
R de Chaud,Le Régiment de la Chaudière
R de Hull,Le Régiment de Hull (RCAC)
R de Hull,Le Régiment de Hull (CBRC)
R de Mais,Le Régiment de Maisonneuve
R du Sag,Le Régiment du Saguenay
Gp R,groupe de reconnaissance
R & D,egiment et développement
R & R,reparation et révision
R22eR,Royal 22e Régiment
RI,résistance à l’interrogation
AR,alerte renforcée
ZR,zone réglementée
CZAr,commandement de zone arrière
CDZAr,contrôle des dommages dans la zone arrière
SZAr,sécurité dans la zone arrière
RAM,ravitaillement à la mer
SCDZAr,sécurité et contrôle des dommages dans la zone arrière
CSCDZAr,centre de sécurité et de contrôle des dommages dans la zone arrière
viv,vivres
TAR,tactical air reconnaissance
DAM,date d’ancienneté du militaire
RPO,radiophare omnidirectionnel
CR,charge réduite
CR,client relations
AAE,agent antiémeutes
ARC,Artillerie royale canadienne
RRAC,Régiment royal de l’Artillerie canadienne
CBRC,Corps blindé royal canadien
Reco ARC,Reconnaissance de l’Aviation royale canadienne
CTRC,Corps des transmissions royal du Canada
ERIC Borden,École régionale d’instruction des cadets Borden
ERIC Edmonton,École régionale d’instruction des cadets Edmonton
ERIC Esquimalt,École régionale d’instruction des cadets Esquimalt
ERIC Halifax,École régionale d’instruction des cadets Halifax
SRLC,Service royal de la logistique du Canada
QG GRC,Quartier général de la GRC
QG GRC,Quartier général de la Gendarmerie royale du Canada
MRC,Marine royale canadienne
OCC tir,officier contrôleur des champs de tir
OPCR,officier du poste de commandement régimentaire
URSC,Unité régionale de soutien aux cadets
Regional Cadet Support Unit (Central),URSC Centre
VCR,véhicule de combat de reconnaissance
ZCAr,zone de combat arrière
RD,rayon des dégâts
BRCM FOURN SMA(ST),Bureau régional de compatibilité du ministère pour fournisseurs – Sous-Ministre adjoint (Science et technologie)
MPD,mine posée à distance
RDP,registre de procédures disciplinaires
réc,récupérer
réc,récupération
RECO,reconnaissance
egiment reco,embarcation de reconnaissance
ptl reco,patrouille de reconnaissance
RECCEXREP,reconnaissance exploitation report
RECCEXREP,compte rendu d’exploitation de reconnaissance
coll,collections
RECCE,reconnaissance
air recce,air reconnaissance
pt recce,point reconnaissance
VR,visual reconnaissance
reco,reconnaissance
CS rouge,connaissance de la situation – rouge
réf,référer
réf,référence
rég,régulier
rég,régler
F rég,Force régulière
RPF Rég,Régime de pension de la Force régulière
régt,régiment
P de L,point de largage
P de D,point de dislocation
CON F ,Contrôle de la fiabilité
EOR,explosive ordnance reconnaissance
tlr,trailer
PO dét,poste d’observation détaché
repl,replacement
rép,réparer
rép,réparation
CR,compte rendu
rep,représenter
rep,représentatif
rep,représentant
recompl,recomplètement
ravit,ravitaillement
F rés,Force de réserve
RPF Rés,Régime de pension de la Force de réserve
resp,responsible
ret,retraité
CR,chasseur de reconnaissance
LTR,ligne de tir restreint
rgn,région
ERVV (Est),École régionale de vole à voile (Est)
GR,Guide du recrutement
TdeL,tête de ligne
PCR,poste de commandement régimentaire
URR,unité de rassemblement des remplaçants
IR,intensité d’irradiation
IC,information consignée
DIR,document d’information sur le recrutement
LPIR,ligne de planification d’interdiction et de reconnaissance
riv,rivière
rqt,roquette
LCR,ligne de compte rendu
LR,lance-roquettes
GD,gestion des documents
GR,gestion des ressources
conseils sur la GD,conseils sur la gestion des documents
renf,renforcement
TSRN,télécommande des stations radio navales
OC,ordre courant
ZOR,zone d’opérations réglementée
RE,règles d’engagement
Aut RE,autorisation de règles d’engagement
Dem RE,demande de règles d’engagement
PFOR,Programme de formation des officiers – Force régulière
PFUOR,Programme de formation universitaire – Officiers de réserve
PR,police régimentaire
PR,point de ravitaillement
PD,poste de détection
CP mor,coup par mortier
OP mor,obus par mortier
CPP,coup par pièce
OPP,obus par pièce
T/M,tours-minute
MSTAR,man-portable surveillance and target acquisition radar
rpt,répéter
VTG,véhicule téléguidé
QMR,quartier-maître régimentaire
SQMR,sergent quartier-maître régimentaire
rqn,réquisition
rqn,réquisitionner
rqn,requisition
PRA,poste de retransmission automatique
OEPR,obus d’exercice à portée réduite
RS,rayon de sécurité
GSA,groupe de soutien arrière
SMR,sergent-major régimentaire
O Sécur Tir,officier de sécurité du tir
OAR,officier arpenteur régimentaire
PSFR,personnel de soutien de la force régulière
RT,radiotéléphone
RT,radiotéléphonie
CTSE,champs de tir et secteurs d’entraînement
itin,itinéraire
rtn,retourner
RTT,radiotéléimprimeur
RTU,retourné à l’unité
RVM,Médaille royale de Victoria
Grad,guerre radiologique
TMB,travail au mortier balistique
O GE Esc,officier de la guerre électronique de l’escadron
S de T,secteur de tir
O Ops Esc,officier des opérations de l’escadron
ÉC,Étoile du courage
ÉVM,Étoile de la vaillance militaire
AS ,adjoint spécial
SA,semi-automatique
CS,connaissance de la situation
AL,armes légères
ARS,autorité I du système
MPC,munition de petit calibre
CAENA,contrôleur aérien embarqué – niveau avancé
SCANEA,superviseur de contrôleurs aériens embarqués -  niveau avancé
MANPAD system,man-portable air defence system
CAE,contrôleur aérien embarqué
ACAS,Agent de contrôle de l’accès au système
O Sécur,officier de sécurité
NAS,niveaux d’alerte en matière de sécurité
récup,récupérer
MSA,missile surface-air
STA,surveillance and target acquisition
BCPAS,Bureau de coordination du Programme d’accès spécial des Forces canadiennes
OCPAS,Officier de coordination du Programme d’accès spécial
système SARSAT,système de recherche et sauvetage assisté par satellite
PRMS,point de ravitaillement en munitions spéciales
OSAS,Outil de soutien aux analyses stratégiques
ECS,équipe consultative stratégique
LCSS,land combat support system
VAEM,visite d’aide d’état-major
CCMA,cours de conduite en marche arrière
DM,diagramme monographique
Cmdt École,commandant de l’école
OSLC,officier supérieur de liaison du Canada
OSC,officier supérieur canadien
OCS,officier contrôleur du système
BGSCU,bâtiment de guerre de surface de classe unique
FCS,fire-control system
FOPC,Force opérationnelle permanente de contingence
VCS,véhicule de combat spécialisé
ESCS,Équipe de surveillance et de coordination stratégique
SEM,services de l’état-major
ISM,indemnité de service en mer
ZSS,zone de service spécial
CDM,caserne de egiment militaire
IDS,initiative de défense stratégique
BDE,bureau des estafettes
MPRR,Member Personnel Record Résumé
estaf S,estafette spéciale
SDE,service des estafettes
SS,service spécial
ECD,engagement de courte durée
log mer,logistique en mer
secr,secrétariat
sec,secteur
OQS,officier de quart en second
Cmdt Sect,Commandant de section
sécur,sécurité
O Secur,officier de la sécurité
O Sûr,officier de la sûreté
secr,secrétaire
sept,septembre
sér,série
VSE,véhicule spécialement équipé
SEWS,système d’alerte lointaine par satellite
VR,vol régulier
TS,tir soutenu
Cie FS,Compagnie de Forces spéciales
AFSTP,Agent financier supérieur à temps plein
SdeE,surveillance de l’espace
AMS,application management services
CSgt,colour sergeant
SHELREP,compte rendu de bombardement
BN,bureau du navire
DAACP,défense antiaérienne à courte portée
ZESAACP,zone d’engagement des systèmes antiaériens à courte portée
RSA,Réserve supplémentaire d’attente
sig,signaleur
régt trans,egiment des transmissions
trans,transmissions
Sout Trans,soutien des transmissions
Svc Trans,Services des transmissions
PRS,plan de recrutement stratégique
SES,service des enquêtes spéciales
sit,situer
SITREP,compte rendu de situation
EMIS,État-major interarmées stratégique
SLAR,radar aéroporté à antenne latérale
LCM,lignes de communications maritimes
OSOL,officier supérieur des opérations logistiques
MRLS,multiple rocket launcher system
proj,projecteur
2Lt,second lieutenant
ens 1,enseigne de vaisseau de 1re classe
MS,Médaille du sacrifice
MAMS,mobile air movements section
SOM,soutien aux opérations militaires
MMN,modèle militaire normalisé
CCNS,comptabilité et contrôle des numéros de série
Adj Sup,adjudant supérieur
OEM,officier d’état-major
Esc OSA,escadron d’opérations spéciales d’aviation
OEM Doc,officier d’état-major – doctrine
OSSO,officier de service supérieur des opérations
OEM Hél,officier d’état-major – hélicoptères
OEM Maint,officier d’état-major – maintenance
OEM Ops,officier d’état-major – opérations
OEM Plans,officier d’état-major – plans
FOS,forces d’opérations spéciales
PsdeE,Projet de surveillance de l’espace
GOS,Groupe d’opérations spéciales
EFSLO,Éducation et formation en seconde langue officielle
SOM,Ordre du mérite de la Saskatchewan
OPOON,Ordre permanent d’opération pour les opérations nationales
IPO,instructions ermanents d’opérations
EB,énoncé de besoins
RE,rayé des effectifs
AM,automoteur
sout,soutien
app,appui
BCPS,Bureau de coordination des programmes spéciaux
OCPS,Officier de coordination des programmes spéciaux
CDPM,casernes de détention et prison militaire
spéc,spécification
spéc,spécialité
O Proj Spéc,officier des projets spéciaux
EM spéc,état-major spécialisé
ob AM,obusier automoteur
DQP,demande de qualification particulière
sap,sapeur
VS,véhicule spécialisé
SQME,sergent quartier-maître d’escadron
GT2+2,groupement tactique deux plus deux
sup,supérieur
Conslr Sup,conseiller supérieur
s/off sup,sous-officier supérieur
MDACP,missile de défense aérienne à courte portée
AABCP,"arme antiblindé, courte portée"
MACP,missile d’attaque à courte portée
MARCP,missile antiradiation à courte portée
MBCP,missile balistique à courte portée
repS,repérage par le son
off sup,officiers supérieurs
RSD,Réserve supplémentaire disponible
SPA,egiment le plus ancien
ATCRA,aéronef de transport à court rayon d’action
FORS,Force opérationnelle de la Réserve stratégique
SS,surface-surface
ESCD,engagement pour service de courte durée
MSS,missile surface-surface
SNA,sous-marin nucléaire d’attaque
SSN,sous-marin nucléaire
OSEM,officier supérieur d’état-major
RSS,réforme du secteur de la sécurité
VNB,véhicule non blindé
XSA,exercice à simple action
A & T,approvisionnement et transport
SAO,surveillance et acquisition d’objectifs
erificatio SAO,dégradation de la surveillance et de l’acquisition d’objectifs
STANO,"surveillance, acquisition d’objectifs et observation nocturne"
DEBEX,début de l’exercice
stat,statistique
CS,centre de simulation 
stéréo,stéréoscope
stéréo,stéréoscopique
OTS,Opérations techniques spéciales
Chef OTS,Chef des opérations techniques spéciales
ADAC,décollage et atterrissage courts
ADAC,à décollage et atterrissage courts
strat,stratégique
strat,stratégie
STRIKWARN,préavis d’attaque nucléaire
soum,soumettre
ISS,indemnité de service sous-marin
sous-GPM,sous-groupe professionnel militaire
SUBROC,roquette sous-marine
appro,approvisionnement
O Appro,officier de l’approvisionnement
offr sup,officier supérieur
SUPINTREP,compte rendu supplémentaire renseignement
supp,supplément
supp,supplement
supp,supplementary
supp,supplémentaire
Rés supp,Réserve supplémentaire
superv,superviseur
commis surv,commis surveillant
surn,surnuméraire
méd gén,médecin général
surv,surveillance
instr surv,instruction de survie
utilis,utilisable
bon svc,bataillon des services
SWASM,Médaille du service en Asie du Sud-Ouest
O AT Esc,officier d’armes et de tactique de l’escadron
OBS,officier du bien-être social
Admin Sys,administrateur du système
IRPVD-T,Infrastructure du réseau privé virtuel de la défense – Transparente
RPM,revolutions per minute
AO,acquisition d’objectif
NT,navigabilité technique
ANT,Autorité de navigabilité technique
tac,tactique
pon rel aérien tac,peloton de relais aérien tactique
Esc Tac,escadron d’appui tactique
hél tac,hélicoptère tactique
Esc Tac Hél,escadron tactique d’hélicoptères
É Tac,École de la tactique
tacan,navigation aérienne tactique
CCAT,centre de contrôle aérien tactique
CST,commandement de secteur du théâtre
TACON,contrôle tactique 
ECAT,élément de contrôle aérien tactique
SCAT,système de contrôle aérien tactique
UCAT,unité de contrôle aérien tactique
FATAC,force aérienne tactique
GAT,groupe d’aviation tactique
STIAT,système tactique d’information de l’Armée de terre
LAT,leurre aérien tactique
AMT,aide-mémoire tactique
SMAT,section de mouvement aérien tactique
ZTRO,zone tactique de responsabilité opérationnelle
POA,point d’orientation air
RAT,reconnaissance aérienne tactique
GGRA,gestion globale des ressources aériennes
BC,bataillon de chars
BTO,base du egimen d’opérations
AC,à communiquer
AE,à effectuer
MBT,missile balistique tactique
CT,coordonnateur de la terminologie
CC,contrôle de la circulation
STCCC,"Système tactique de commandement, de contrôle et de communications"
ACA,ancienneté comptant pour l’avancement
PCC,poste de contrôle de la circulation
VTT,véhicule de transport de troupes
CC,chasseur de chars
DC,division de chars
ST,service temporaire
AEDT,Avis d’exécution – Données techniques
GBDT,Groupe-bataillon de défense territoriale
LDT,liaison de données tactiques
ODI,officier du développement de l’instruction
EI,établissement d’instruction
tech,technique
tél,téléphone
tél,téléphonie
télécomm,télécommunications
O Télécomm,officier des télécommunications
contél,conversation téléphonique
temp,température
STC,simulation tactique de combat
ETST,exercice tactique sans troupes
FO,force opérationnelle
Cmdt FO,commandant de la force opérationnelle
FO Kaboul,Force opérationnelle à Kaboul
Éqp Tfmn,Équipe de transformation
tg,télégraphe
tg,télégraphie
HT,hélicoptère de transport
QGT,quartier egimen du théâtre
EMT,état-major du théâtre
IT,imagerie thermique
MIT,matière industrielle toxique
Esc SIT,escadron de services d’information et de télécommunications
BT,brouillage tactique
SPRTA,système de pose et de récupération de tapis d’assaut
DTL,décompression dans un tiers lieu
TLP,Programme tactique des chefs subalternes Florennes
MT,missile tactique
éqp,équipe
LMC,lot de marquage des cibles 
EEN Trsp,Équipe d’évaluation et de normalisation du transport
TO,egimen d’opérations
OT,officier du transport
TEX,temps d’éclatement
TPC,transfert du pouvoir de commandement
DDT,durée de trajet
NP,niveau de protection
PAE,porté à l’effectif
CS,conditions de service
HSO,heure sur l’objectif
HASO,heure d’arrivée sur objectif
TOXREP,compte rendu d’attaque chimique
tp,troupe
SIGS,Système d’information et de gestion – Stagiaires
SIGS(A),Système d’information et de gestion – Stagiaires (Amélioration)
EEN Tpt,Équipe d’évaluation et de normalisation du transport
R & DI,ressources et développement de l’instruction
EMR,évaluation de la menace et des risques
B Trad,Bureau de traduction
MARTA,message d’acceptation/refus de transport aérien
entr,entraînement
Commis Instr,commis d’instruction
dév instr,développement de l’instruction
Branch Perf Instr,Branche des services du perfectionnement de l’instruction
trig,trigonométrie
PD,piste démontable
tn,transportation
NORIN,norme d’instruction
EAEMT,Équipe d’action de l’état-major – Transformation
CDT,Comité directeur sur la transformation
GDT,Groupe directeur sur la transformation
SMT,sergent-major de troupe
OST,officier des services techniques
TRUMP,Projet de révision et de modernisation de la classe Tribal
BDTAT,base de données tactiques d’analyse de terrain
RBT,epara boisée tempérée
CDLC,charrue de déminage largeur chenille
ASP,aéronef sans pilote
RENS,rapport d’état non satisfaisant
NGC,Norme générale de classification
PSM,plongée sous-marine
DEU,dossiers des emplois à l’unité
DAS,détecteur autonome au sol
HP,hélicoptère polyvalent
O dm,onde décimétrique
O dm,ultra haute fréquence
OIU,officier d’information de l’unité
OLU,officier de liaison – université
AMU,air movements unit
PSU,poste sanitaire d’unité
ONU,Organisation des Nations Unies
FNUC,Force des Nations Unies à Chypre
UNGOMAP,Mission de bons offices des Nations Unies en Afghanistan et au Pakistan
ONUST,Organisme des Nations Unies chargé de la surveillance de la trêve en Palestine
COU,code organique d’unité
MDPU,mouvement des données du personnel de l’unité
DIU,dossier eparation à l’unité
DPU,dossiers du personnel de l’unité
USTD,unité de soutien pour la tenue des dossiers
SSU,surveillant de la sécurité de l’unité
util,utilitaire
util,de servitude
PFUMR,Programme de formation universitaire – Militaires du rang
PFUO,Programme de formation universitaire – Officiers
HUTT,hélicoptère utilitaire de tansport tactique
UXB,bombe non explosée
UXO,munition explosive non explosée
EV,évaluation de la vulnérabilité
VCEMD,Vice-Chef d’état-major de la défense
PRV,point de rassemblement des véhicules
RCV,reconnaissance combat vehicle
VDS,sonar à immersion variable
véh/h,véhicules par heure
véh/km,véhicules par kilomètre
Info Fourn,Information sur les fournisseurs
DATHA,défense aérienne à très haute altitude
VIP,personnalité très importante
vis,visibilité
Adj Visites,adjudant des visites
DATBA,défense aérienne à très basse altitude
VHU,véhicule hors d’usage
Prad,eparatio radiotéléphonique
PS,point sensible
reco vis,reconnaissance visuelle
ADAV,aéronef à décollage et atterrissage vertical
SRVT,Système de réservation de vidéo-téléconférence 
CC Admin Ere,commis chef d’administration de l’escadre
O Admin Ere,officier d’administration de l’escadre
Aum Ere,aumônier de l’escadre
CENCOM Ere,centre de communications de l’escadre
cmdt Ere,commandant d’escadre
CC Cmd Ere,chef de cabinet du commandant de l’escadre
Contr Ere,contrôleur de l’escadre
Adjuc Ere,adjudant-chef de l’escadre
OS Ops Ere,officier de service des opérations de l’escadre
O Svc Alim Ere,officier – services d’alimentation de l’escadre
O GE Ere,officier de la guerre électronique de l’escadre
O PI Ere,officier – protection de l’information de l’escadre
O Rens Ere,officier du renseignement de l’escadre
O Log Ere,officier des services logistiques de l’escadre
O Météo Ere,officier – météorologie de l’escadre
O Admin Pers,officier d’administration du personnel de l’escadre
O Appro Ere,officier de l’approvisionnement de l’escadre
MC Ere,médecin-chef de l’escadre
OCCA Ere,officier contrôleur de la circulation aérienne de l’escadre
APC Ere,agent du personnel civil de l’escadre
déseng,désengager
TEG,tableau des effectifs de guerre
O GEM Ere,officier du génie électrique et mécanique de l’escadre
CP Ere,chef des pompiers de l’escadre
OSV Ere,officier de la sécurité des vols de l’escadre
GT,groupe de travail
OSG Ere,officier – sécurité générale de l’escadre
Cadets Whitehorse CIE,Centre d’instruction d’été des cadets Whitehorse
CS blanc,connaissance de la situation – blanc
OSLI Ere,officier – service de logistique et d’ingénierie de l’escadre
ADM,arme de destruction massive
VMDR,"véhicule de maintenance et de dépannage, à roues"
pt eau,point d’eau
OA,officier de l’armement
OSP Ere,officier de sélection du personnel de l’escadre
ng,navire de guerre
appro eau,approvisionnement en eau
O SEPM Ere,officier de sécurité et police militaire de l’escadre
RSSA,remise en service du système d’arme
OBS Ere,officier du bien-être social de l’escadre
ET,équipe de travail
OSIT Ere,officier des services d’information et des télécommunications de l’escadre
cmdt en second,commandant en second
accél,accélérer
LFX,live fire exercise
CAHV,contingent annuel d’heures de vol
an,année
AMA,artillery manoeuvre area
